,precision,recall,f1-score,support
churned,0.3157894736842105,0.3333333333333333,0.32432432432432434,18.0
downgraded,0.0,0.0,0.0,40.0
renewed,0.7021276595744681,0.9705882352941176,0.8148148148148148,102.0
accuracy,0.65625,0.65625,0.65625,0.65625
macro avg,0.33930571108622615,0.434640522875817,0.379713046379713,160.0
weighted avg,0.48313269876819714,0.65625,0.5559309309309308,160.0
